title,link
"Software Engineer, Platform Engineering (Mercari India)",https://apply.workable.com/mercari-india/j/8400CC9BF0/
"Software Engineer (Frontend, Backend, or Full stack)",https://apply.workable.com/subscript/j/E58599B066/
Senior Software Engineer (Hybrid or On-site) - more.com,https://apply.workable.com/more-com/j/081FFF5AE2
"Software Engineer, Backend - Mercari, Inc. (India)",https://apply.workable.com/mercari-india/j/1C9B45B4E9/
Software Engineer - Passage,https://apply.workable.com/passagehq/j/CE67B522C8
Software engineer - WATI.io,https://apply.workable.com/wati-dot-i-o/j/BB9A5AE0FD/
Software Engineer - Python - (PST) - Channel Factory,https://apply.workable.com/channel-factory/j/412E4E0BB2/
Software Engineer - Freelancer.com,https://apply.workable.com/freelancer/j/9639EE1B11/
Software Engineer - Agility,https://apply.workable.com/agility/j/D408E6B2C7/
Software Engineer - Insignis Cash,https://apply.workable.com/insignis-cash-solutions/j/14665E45F2/
